usernames,influencer_status,bio
thediamondboss_,influencer,"ğŸ‘©ğŸ½â€ğŸ”¬ Neuroscientist  
 ___
    
 
@neuroathletics_  
@theneuroexperience
  
 ___"
tia__0224,influencer,mama to the cutest little boy! â€¢ wv â€¢ snapchat: tiadawn22 ğŸ’œ
veganbeautybabe.xo,influencer,"ğŸ¾ dog mom â™¡ baby boy on the way! ğŸ¼ğŸ‘¼ğŸ¼
ğŸ’“ LOVE is the answer âœ¨ â™•â™¡ğ“ğ“¡
ğŸŒ» @gypsyprintstudio ğŸ€ @thetrendishop"
drdemeri,influencer,"Leading #Fertility #Thyroid #Hormones Eggspurt
ğŸ¤° #TrimesterZero â„¢ï¸ Creator                                
Virtual consults         FREE Hormone QuizğŸ‘‡"
ruqayakalla,influencer,"â™¾Evolving Through Consciousness-Intuitive Holistic Healer-Mindset Coach-Biohacker -Published Author-Entrepreneur-Mum of 5
ğŸ’ŒDM for Sessions"
iamallthingsmiranda,influencer,"ğŸ’«NoHateğŸ’« 
TikTok: codyandmiranda 
IATSE798 Hair & mua in NOLA. Known for films Queen&Slim, Top Chef, Greenbook, Looking for Alaska, NCIS + MORE"
deansheremet,influencer,"Renaissance dad to Atlas, Chef, Author, F&B operations- EDITION Hotels"
angelaviens,influencer,"Contemporary Artist and Creative Director
ğŸ¨: @angelaviens_art 
ğŸ¬: @avsetanddesign"
zgisterak2018,influencer,Internationally published Portrait & fine art photographer based in Brooklyn. For prints or collaboration please DM or email zgisterak@gmail.com.
dahhhhling,influencer,"ğŸ‡²ğŸ‡½ #latinx #standup #screenwriter 
ğŸ• Founder of @ahotpizzaass
ğŸ†  Starring in @borderpatrolcomedy
âœğŸ½ Punch ups. 
ğŸ¤ FIND YOUR VOICE IN COMEDY course!ğŸ‘‡ğŸ½"
kchartsock,influencer,ğŸ”’â–ªï¸â–«ï¸
_lifehabits_,influencer,â€¢Entrepreneur ğŸ’¡IlğŸ   Los Angeles/Inglewood Real Estate ğŸ¤²ğŸ¼ my Wife and I both Are Reiki Healers ğŸªâœ¨ Fitness / Basketball Motivator ğŸ€ğŸ‹ğŸ¼â€â™‚ï¸ ğŸ§˜ğŸ¼â€â™‚ï¸ Yoga Doer
_claudiawit,influencer,"ğŸ‘©â€ğŸ’»: Claudia Wit/Calarts Grad
BLACK LIVES MATTER
â¤ï¸: Ways to help, go to link ğŸ‘‡ğŸ‘‡ğŸ‘‡"
carlamarie73,influencer,"#blacklivesmatter #buyblack âœŠğŸ½
plant mama â€¢ virgo â€¢ entrepreneur â€¢ blessed"
adamglyn,influencer,Comedian and Emmy losing Street Journalist based in NYC.
olyarostov,influencer,"Science behind mindful life âœ¨ @re.you.nion
Influencer Marketing Sniperâœ¨ @influenceimpact 
Here to empower you!
ğŸ‘‡ğŸ‘‡ğŸ‘‡"
nikki_stpierre,influencer,"French & Slovakian 
Hair Stylist | Color Specialist
Wella Color Master Expert
@hairbynicolestpierre"
corcodilos,influencer,"ğŸ”®Blending the Virtual and Physical World
âœˆï¸CEO @designblendz 
ğŸ†3rd Fastest Growing PHL Company 2019
ğŸ˜Real Estate Tech 
ğŸ’‰Ex Video Game Addict"
eclecticcurator,influencer,"Kate Parker Jonas 
Decor maximalist & mixologistâ€¢Sourcing beauty around the ğŸŒ for your domicileâ€¢Instagram flash salesâ€¢Website coming soonâ€¢RVAâ€¢"
simonyan.lusine,influencer,"ğŸ“San Diego
ğŸ§¬ğ˜‰ğ˜ªğ˜°ğ˜¤ğ˜©ğ˜¦ğ˜®ğ˜ªğ˜´ğ˜µğ˜³ğ˜º ğ˜‰.ğ˜š 
ğŸŒ±É´á´€á´›á´œÊ€á´€ÊŸ á´á´‡á´…Éªá´„ÉªÉ´á´‡ á´€á´…á´ á´á´„á´€á´›á´‡
ğŸ‘©ğŸ»â€âš•ï¸â˜¤ğ˜”ğ˜¦ğ˜¥ğ˜ªğ˜¤ğ˜¢ğ˜­ ğ˜šğ˜µğ˜¶ğ˜¥ğ˜¦ğ˜¯ğ˜µ-ğ˜•ğ˜”ğ˜š1. 
ğ˜‹ğ˜°ğ˜¤ğ˜µğ˜°ğ˜³ ğ˜°ğ˜§ ğ˜µğ˜©ğ˜¦ ğ˜§ğ˜¶ğ˜µğ˜¶ğ˜³ğ˜¦ ğ˜¸ğ˜ªğ˜­ğ˜­ ğ˜¨ğ˜ªğ˜·ğ˜¦ ğ˜¯ğ˜° ğ˜®ğ˜¦ğ˜¥ğ˜ªğ˜¤ğ˜¢ğ˜µğ˜ªğ˜°ğ˜¯...
Thomas Edison"
srhawk2003,influencer,
bradrose_fit,influencer,"PRIVATE ONLINE BOXING/FITNESS TRAINING 
DM me for details!!! 
Stroke Survivor âš¡ï¸
Double Doggy Dad ğŸ¶ ğŸ¶"
notkatelajolla,influencer,â€¢ D.C. â€¢ FL â€¢ TX â€¢ â™ï¸  Proud Mom of two beautiful frenchies ğŸ‘‘ @frenchibenzi @kikidoyoufrenchiee
julie_e_henderson,influencer,"Live | Lift | Run | Eat | Travel | Love {Repeat} 
ğŸ¤¸ğŸ¼â€â™‚ï¸ Health coach
ğŸ©º Nursing student
ğŸ“ Ottawa -> Buffalo, NY -> Arlington, VA"
louisvuittonlau,influencer,"ğ‘¾ğ’ğ’“ğ’Œğ’‚ğ’‰ğ’ğ’ğ’Šğ’„. ğ‘·ğ’‚ğ’”ğ’•ğ’‚ ğ’‚ğ’…ğ’…ğ’Šğ’„ğ’•. ğ‘µğ’‚ğ’‘ ğ’†ğ’ğ’•ğ’‰ğ’–ğ’”ğ’Šğ’‚ğ’”ğ’•  & ğ’‘ğ’“ğ’ğ’–ğ’… ğ’ğ’‚ğ’ğ’‚ ğ’ğ’‡ ğ’ğ’š ğ’‡ğ’–ğ’“ ğ’ƒğ’‚ğ’ƒğ’š, ğ‘±ğ’ğ’ğ’†ğ’ğ’†."
foundbyfetch,influencer,"human + hound + home
also @foundbyb
10% of sales donated @theblackmambas 
with love, humor, and female-empowerment from new york."
ndegange,influencer,"the other half of @thechromahome
West Palm Beach, FL ğŸŒ´"
vania_mendez7,influencer,"â­ï¸Actress based in NJ / NY
ğŸ¥‘ğŸ‡§ğŸ‡·ğŸ‡±ğŸ‡·Integrative health + wellness coach focusing on holistic approaches Wellness Content Writer | DM for collabs"
dayancandamil,influencer,Creative at DayanCandamil.com - Consultant - Traveler - I create cool stuff  #TheDailyDoseOfDayanCandamil  Follow @dayancandamilofficial
startuptostorefront,influencer,"Top entrepreneurshipğŸ™podcast 
ğŸ†• @therabody  7/9
Our hosts:
ğŸ§”ğŸ½ @diego_ventures
ğŸ‘±ğŸ¼â€â™‚ï¸ @nickgconrad 
ğŸ‘·ğŸ½â€â™€ï¸ @natalya_curato"
london.giordano,influencer,"ğŸ“ Los Angeles | Ojai, CA
ğŸ¡ Real Estate @moderngroupre 
ğŸ‘©ğŸ»â€ğŸ’» VP @TheOpulentAgency
âœ‚ï¸ Hair
ğŸ¦„ Animal Lover
ğŸ’ Wifey to @Tony_Giordano"
natalya_curato,influencer,"ğŸ‘·ğŸ»â€â™€ï¸ licensed GC - Curato Design/Build
ğŸ™ @startuptostorefront podcast
ğŸ¥ watch me on #AnimalPlanet #HGTV
ğŸ“ LA based, Boston bred"
chriskolaskos,influencer,"âš² Los Angeles, CAâ£
Digital Entrepreneur
I build innovative health and fitness products designed with practicality in mind. â£"
donutsanddowndog,influencer,"Honest + actionable wellness â˜ï¸ @heyyougotthispod, wellness blogger, yoga teacher, IIN health coach, former D1 athlete
ğŸ‘‡ğŸ¼ WORKOUTS + WELLNESS GUIDESğŸ‘‡ğŸ¼"
jessewynyard,influencer,"ğŸ‘‘ CEO - Warriors of Lightâ„¢
ğŸŒ New Earth Leadership + 5D Business Mentor
ğŸ‰ Dragon Teacher | Light Warrior Activator
ğŸŒˆ Father | Mystic | Way-Shower"
_ladyannabelle,influencer,"ğ•¥ğ•™ğ•– ğ•ğ• ğ•§ğ•šğ•–ğ•¤ğ•¥ ğ•ğ•¦ğ•¤ğ•™ ğ•šğ•Ÿ ğ•¥ğ•™ğ•– ğ•¤ğ• ğ•¦ğ•¥ğ•™
ğŸ…‚ğŸ„·ğŸ„¾ğŸ…†ğŸ„¶ğŸ„¸ğŸ…ğŸ„», ğŸ…ˆğŸ„¾ğŸ„¶ğŸ„¸, ğŸ„³ğŸ„°ğŸ„½ğŸ„²ğŸ„´ğŸ…, ğŸ„¿ğŸ„´ğŸ…ğŸ„µğŸ„¾ğŸ…ğŸ„¼ğŸ„´ğŸ… âœ¨
 @Êœá´á´œsá´›á´É´á´…Éªá´ ÉªÉ´á´‡sá´›á´œá´…Éªá´
 Dğ–†ğ–“ğ–ˆğ–Š â€¢ Yğ–”ğ–Œğ–† 200 RYT"
lottiegetsaround,influencer,"we get around:
international art director &  best furry friend 
currently: NY, NY ğŸ—½"
moxied_living,influencer,"Live with Moxie âœ¨ğŸ’‹ğŸ›©ğŸ–¤ Breast Implant Illness Survivor. Creator, Coach, & Founder of GoodWolf Power Yoga. 1200 HR Power Yoga Certified. Mama to Ella."
fawnrosenbohm,influencer,"Wife.Mama.â•=ğŸ–¤                                     
ğŸ’Œfawnrosenbohm@hotmail.com
ğŸ“Colorado
ğŸ‘‡ğŸ»Blog"
naturally.natashaa,influencer,"Holistic Nutrition 
With the power of gratitude, love, & positivity...the world is yours. âœ¨"
kaylakervin,influencer,@mrporterlive | Personal Shopping | CA
ap3tt3bari,influencer,DEMILITARIZED DEMURE DROU! DROUGHTâ€™s
alleyjean_xo,influencer,"ğŸ‘©â€ğŸ‘§Mom First
ğŸ’ªğŸ½ @reignbodyfuel 
ğŸ’ğŸ½â€â™€ï¸ @therossagency
ğŸ‘ @kadyluxe 
ğŸ‘… @mvnprep
ğŸ‘©ğŸ½â€ğŸ’» Business Developmemt Executive"
hello_mr.ron,influencer,"ğŸ¤¼â€â™‚ï¸|itâ€™s you vs you
ğŸ—½|Donâ€™t let your obstructions become your excuses_. Casey Neistat
âš ï¸Go Sub To My YouTube Channel:âš ï¸"
stephw425,influencer,"Nashville Resident. ğŸ¤
N.C raised ğŸ 
Phil 4:13 ğŸ™ğŸ»
Pizza enthusiast ğŸ•
Snapchat StephW425 ğŸ‘»
Team @nutritionfaktory ğŸ’ªğŸ»#fitfam & GreenCompass #cbd ğŸŒ¿"
pawnta,influencer,"ğŸ‘©ğŸ»â€âš•ï¸Allergan Trainer ğŸ’‰@allergan_medical_institute                               
ğŸ“BeverlyHillsâšœï¸New York âšœï¸Dallas âšœï¸Dubai    
ğŸ“(310)497-6374"
a_n_i_s_a_,influencer,Baby PğŸ’•
steviestattoos,influencer,"Tattoo artist & piercer Long Island, NyğŸŒ…ğŸ—½
@east_end_tattoo Patchogue 
ğŸ•‰â˜®ï¸â™ï¸
R.i.p James ğŸ‘‘"
baretransformation,influencer,"â€¢Jesus is my #1 
â€¢Patriot ğŸ‡ºğŸ‡¸ #MAGA
â€¢Clean & Healthy LivingğŸŒ±
â€¢Clean Beauty ğŸŒ¿
â€¢Recovering Addict"
theabbiemaegan,influencer,
frannnnygirl,influencer,"ğŸ“ SD 
ğŸ“§ franceslacsamana.bookings@gmail.com"
therealcarolina,influencer,ğŸ‡³ğŸ‡® Proud Nica Latina â™¥ï¸ Noah & Asherâ€™s mama ğŸ¤ ğŸ“» @1035ktu @iheartradio 6-10am M-F ğŸ“º TV ğŸ§˜â€â™€ï¸fitnessğŸ’„beauty ğŸŒƒinfluencer ğŸ“§: carolina@ktu.com
angelasfoster,influencer,"Coach
ğŸ§¬Nutrigenomics Specialist 
ğŸŒŸ@kion coach 
ğŸ§ªBiohacker 
ğŸ¤Host: High Performance Health Podcast 
FREE Guide to Fasting â¬‡ï¸"
carlasidhom,influencer,"#imarrieddracula ğŸ˜ˆâš”ï¸ 
We have a pit, a pug, & CATS
Biz IG @coach.carlamarie
Pugâ€™s IG @thorbaconvalentine"
brydisanto,influencer,"âš¡ï¸ğŸ•ºğŸ»HOST OF THE WORLD RENOWNED QUARANTINE COOKING SHOW: CUCINA QUARANTINAğŸ•ºğŸ»âš¡ï¸
ğŸ”ª chef & recipe developer, @lecordonbleuparis alum
ğŸ¦¾ founder, @leanitup"
zanetatrapp,influencer,"I help women ğŸ‘‰ğŸ¼ feel & look their best + feel  confident + live a fullfilled & happy lives 
Online health + business coach 
Lead â­ï¸ @cyclebarnaples"
dirtysouthyogafest,influencer,"âœ¨Real. Raw. Southern Yoga.
ğŸ¹Fest | Community | Blog
NEXT UP: Free Virtual Mini Fest July 17-18th"
consciouscoconut,influencer,"2019 Organic Body Product of the Year ğŸ™ŒğŸ¼
Small Batch, Fair Trade, Organic Coconut Oil 
Buy One Product ğŸ¥¥ Feed Two Kids Through Feeding America"
melissamcavoyliveshappy,influencer,"Founder, Luxury Experience & Co"
fillyinthefastlane,influencer,"â€¢ ğ˜ğ˜°2ğ˜”ğ˜¢ğ˜¹ ğ˜—ğ˜¦ğ˜³ğ˜§ğ˜°ğ˜³ğ˜®ğ˜¢ğ˜¯ğ˜¤ğ˜¦ ğ˜Šğ˜°ğ˜¢ğ˜¤ğ˜© @vo2maxfit 
â€¢ ğ˜—ğ˜°ğ˜­ğ˜° ğ˜±ğ˜­ğ˜¢ğ˜ºğ˜¦ğ˜³ - ğ˜Œğ˜²ğ˜¶ğ˜¦ğ˜´ğ˜µğ˜³ğ˜ªğ˜¢ğ˜¯ğ˜ªğ˜´ğ˜® 24/7/365   
â€¢ ğ˜Œğ˜²ğ˜¶ğ˜¦ğ˜´ğ˜µğ˜³ğ˜ªğ˜£ğ˜¢ğ˜³ ğ˜‰ğ˜³ğ˜¢ğ˜¯ğ˜¥ ğ˜ˆğ˜®ğ˜£ğ˜¢ğ˜´ğ˜´ğ˜¢ğ˜¥ğ˜°ğ˜³ï¿¼ @equestribar"
carlybeyar,influencer,"CoFounder @soccergrlprobs
Co-host of Soccer Girl Problems PodğŸ™ 
CoFounder @balancedbeyars
Holistic Health & Hormone Specialist"
christinemconnor,influencer,"ğŸ“Bay Area
#Freckles
@christineconnorphotography"
ms.donna.marie,influencer,ğ’ğ¨ğ¦ğğ­ğ¡ğ¢ğ§ğ  ğŸğšğ¢ğ«ğ¥ğ² ğœğ¥ğğ¯ğğ«.
nathalytanner,influencer,"Lash & Brow Artist @nathaly_tanner_lash_brows 
Online shop at @nathalytannerbeauty 
â€¢Wife ğŸ‘‘ Mommy â¤ï¸ Boss ğŸ¤©"
amyosabaevents,influencer,"Floral and Event Design | Based in Atlanta, GA + Available for Travel Worldwide"
marcusholman1,influencer,"â€¢Pro Lacrosse Player: @usa_mlax ğŸ‡ºğŸ‡¸ & @pllarchers (@pll) ğŸ¹ 
â€¢Assistant Coach: @utahlacrosse ğŸ™Œ
â€¢Athlete: @stxmlax ğŸ¥"
notcoywhite,influencer,"When this quarterlife crisis ends I better be given the perfect bio and a free t-shirt.
ğŸ“ NYC @SpracklePodcast
ğŸ¬ Aspiring Adult"
make_up_mel,influencer,"melissamoorebogardus@gmail.com
Book â–¶ï¸ Link in bio"
fifimagee,influencer,"here for a silly goose time
represented by @ft45.agency"
frankielliot,influencer,I write #poetry for people who think they hate poetry. my book â€œStories for People Who Hate Love â€œğŸ’” is avail on Amazon/bookstores. Read my @Vice story
niajervier,influencer,Actress|Trini GirlğŸ‡¹ğŸ‡¹| Poodle Lover|Decor Enthusiast| Kelsey on Netflix original Dear White People
barbara_s_adler,influencer,â¤ï¸LOVE WINS
carlatempesta,influencer,"Italian-American
Spent Saints on Amazon Prime!
Maxim USA Maxim Hot 100 
ğŸ“LA, CARLAforniaâ„¢ï¸"
im_kristenalexandra_,influencer,"ğŸ‡©ğŸ‡°|28| â™Œï¸ FLğŸŒ´>UT â„ï¸ 
Founder of @_thelashlabinc 
Master Lash Artist 
Wifey to beğŸ’
Mama to Presley Blake ğŸ‘§ğŸ¼"
kimbosclownroom,influencer,"Beauty Creator 
Cosmetic Tattoo Artist 
@thebeautybabeclub
Microblading â• Lashes â• HyaluronPen Lip Fillers"
nikkisayswhat,influencer,"ğŸ—£ Brand Whisperer
ğŸ‘‘ @1913company  
ğŸ•ºğŸ» Boyband Fan ğŸ•ºğŸ»
ğŸ“± Business Strategist"
iamlukegifford,influencer,"â™¾ Husband
ğŸ¦¸ğŸ¼â€â™‚ï¸Dad
ğŸ´â€â˜ ï¸Entrepreneur
I help men find their inner connection so their achievement does not come at the sacrifice of their fulfillment."
jeremycity,influencer,"Health Freak 
Athlete â€¢ Songwriter â€¢ Actor
Biohacking â€¢ Guitars â€¢ Outdoors
âš”ï¸New York City"
copmy_style,influencer,"Fashion/ Lifestyle Blogger
ğŸ“NYC
Fashion Recruiter / Hair Influencer
Email for collabs!"
nuurvana,influencer,"ğŸ”®Intuition Expert + founder of  @nuurvanauniversity 
ğŸ•¯#belightâœ¨inner peaceğŸ‘‰ğŸ½world peace 
BLACK LIVES MATTER"
elizabeth.eton,influencer,"I think the Romans had it right. Seize the day
ğŸ‘„ElizabethEtonInstagram@gmail.com
ğŸ™‹SnapChat @elizabeth.eton"
social_anxiety_kyle,influencer,"ğŸ¤¯ Ex-SA struggler, Now Speaker
ğŸ”¥ Daily Tips for Overcoming SA
ğŸ™ Podcast Host
ğŸ—£ NAMI-Certified Speaker
ğŸ‘¨â€ğŸ« Creator of SAWA
ğŸ‘‡ Podcast, Course, Resources"
danielgcox,influencer,"Brands:
@MetCon â€¢ @ImWellthy â€¢ @DrinkSativa
ğŸŒ¹Bachelorette 9 & BIP 2
ğŸ™Podcast: Excuse the Disruption
TikTok @danielgcox"
otogomes,influencer,"@decentralizedfilms Co-Founder 
ğŸ¬ Producer | ğŸ­ Actor
ğŸ“ˆ Crypto Day-Trader | ğŸ’« Lightworker
ğŸ‘ Truth Seeker"
the_linspo,influencer,"How to ~â£
Do simple things to up-level your life. ğŸªâ£
â£
â£"
crushtheicon,influencer,"CARPE DIEM EVERY DAY ğŸğŸ¤ I create my life in every possible way ğŸ‘ŒğŸ½
ğŸ’¿ Singer producer and songwriter 
ğŸ“¥ DM for Inquiries
â¬‡ï¸ Dive out on all streamers"
thelanative,influencer,LA Native | Environmentalist | Photographerâ˜€ï¸ğŸŒğŸŒŠ
anastasiadelore,influencer,Laws of Female Sexuality Webinar ğŸ”½ğŸ”½ğŸ”½
philribeirofitness,influencer,"25, 
NPC Physique competitor. 
ğŸ‡§ğŸ‡·ğŸ‡ºğŸ‡¸
BlogğŸ‘‡"
breabarbellclub,influencer,Brea Barbell | Virtus Strength | exercise library: @whiterabbitblackmagic . Weekly lectures on Vimeo. Donate & ğŸ‘‰ğŸ¼ğŸ“¥  #neurology #lymphatics #physiology
karmicdeeds,influencer,"Authorâœ¨Professorâœ¨StorytellerğŸ¥° karmicdeeds.com âœğŸ»
KARMiC Journey PodcastğŸ˜ƒ
Get App ğŸ™ŒğŸ»
Stay Mindful. Be Kindful.
#KARMiCDeeds FRESH THOUGHTSğŸ‘‡ğŸ‘€"
emilywickersham,influencer,ğŸâœŒğŸ¼
ashun_wren_health,influencer,"Certified wellness and nutrition coach ğŸŒ¿
Certified gut health coach
Certified hormone health coach 
Founder of â€œthe sustainable lifestyleâ€ 
Juice ğŸ‘¸ğŸ¼"
courtneytallmanhair,influencer,L.A. Based Boutique Hair Salon/Beautifier - Specializing in luxury extensions + color and haircuts:-)
briannabildskont,influencer,
theyounglc,influencer,"i build fun worlds ğŸ‘ comedic artist ğŸ”®
APA | AVALON | GLOVER LAW GROUP | COMEDY CAVIAR"
ale.saavedra.cerball,influencer,"Te ayudo a:
ğŸŒŸVivir en el presente
ğŸ’®Despertar del condicionamiento
 ğŸ¦„Conectar con tu potencial
ğŸ’» Talleres online
ğŸ™‹ğŸ»â€â™€ï¸Podcast ğŸ‘‡ğŸ¼"
florecerfitomedicina,influencer,"Soy Flor, FarmacÃ©utica Integrativa, especializada en plantas medicinales
ğŸŒ¸#medicinaherbalintegral
ğŸŒ¿Cursos de fitomedicina y DecodificaciÃ³n
MÃ¡s infoâ¬‡ï¸"
paulettestudio,influencer,"Ambientaciones Integrales, Muebles a medida, Cortinas, Almohadones, Adornos. 
Tienda Online www.paulettestudio.com
ğŸ•š Lun a Sab 11-20hs."
caroisolabelleza,influencer,"ğŸ’Calmo, rejuvenezco e ilumino tu piel
ğŸ Delivery a tu casa
ğŸ’«Sesiones Online
ğŸ™ŒTÃ©cnicas ancestrales
ğŸŒLos mejores activos de los 5 continentes
ğŸ“³WhatsAppâ¬‡ï¸"
petit.llama,influencer,"á´„Êœá´‡Ò“ + á´á´‡á´…Éªá´„ÉªÉ´á´‡ á´¡á´á´á´€É´ â˜¾
 Éª á´„á´á´á´‹ | Éª á´‡á´€á´› | Éª Êœá´‡á´€ÊŸ | Éª sÊœá´€Ê€á´‡ 
ğŸ’Œ: á´˜á´‡á´›Éªá´›ÊŸÊŸá´€á´á´€@É¢á´á´€ÉªÊŸ.á´„á´á´
âš¡ï¸ á´¡á´‡ á´€Ê€á´‡ á´›Êœá´‡ á´€Ê€á´„ÊœÉªá´›á´‡á´„á´›s á´Ò“ á´á´œÊ€ ÊŸÉªvá´‡s âš¡ï¸"
melitiana,influencer,"ğŸ¬ ACTRESS ğŸ“¸ MODEL
ğŸ“Los Angeles | bred in Samoa
Beauty, health and wellness tips coming in hot ğŸ˜"
thehellajam,influencer,"ğŸŒ¿ SF,CA 
âœ¨ Embracing every flaw that makes me human + stylin thrifted lewks along the way. #hellathrifted 
ğŸŠNew YouTube videos every Thursday"
rubiesandradishes,influencer,"âœŠğŸ¼Freedom Fighter & Truth Seeker
ğŸCookbook Author & Blogger
ğŸ’„MD at Beautycounter
ğŸ‡ www.rubiesandradishes.com
ğŸ“§ Info@rubiesandradishes.com"
lauralentz,influencer,HillsongEastCoast YouTube channel.
gafferandchild,influencer,"Superlative skin nutrition for transformative results. â£
Start your Stellar Skin Reset! â£â£
SEEN IN:
@nytimes @latimes @forbes @refinery29 â£â£
BUY NOW:"
inmycleanbeautykit,influencer,"â€¢Co-founder @skinnashco 
â€¢ Holistic Skin Therapist 
â€¢Clean Beauty 
â€¢Gua Sha Certified 
â€¢Makeup Artist 
â€¢Wellness"
ashleygreene,influencer,http://www.only.one/antarctica
jen_gottlieb,influencer,"Co-Founder: @superconnectormedia
Text me ğŸ“² +1 (917) 540-3218
ğŸ“ºJoin my 5-day â€˜Be on TVâ€™ challenge ğŸ‘‡ğŸ»"
themelissamayo,influencer,"ğŸ“š MIRACLES MANIFESTED ğŸ‘‡GRAB YOUR COPY
Food Network Chef, 6 x Author, Speaker, Mom
ğŸ‡®ğŸ‡¹ Luxury Culinary Experiences in Italy
CEO @travelapproach
ğŸ‘‡Recipes"
jayceegossett,influencer,"@theclassâœ¨
Movement Advisor 
Teacher + VP of Experience @theclass 
NYC + LA + Vancouver + Hamptons + Miami"
alexandralosangeles,influencer,"ğŸ“LA
Pro Brow Artist @anastasiabeverlyhills 
Anastasia Beverly Hills Salon since 2004
Booking info 310-2733155 @abhsalon"
anas_chokr,influencer,"I help businesses set solid foundations, create culture,be more innovative & maximize their brand potential ğŸš€ğŸ§˜ğŸ¼â€â™‚ï¸ 
CEO & founder of @creatives.empire"
lexlee,influencer,BLACK LIVES MATTER.
tiffanypantozzi,influencer,"â–ªï¸Real Estate Advisor & Lifestyle Curator
â–ªï¸2019 YPN 20 UNDER 40 RISING â­ï¸ 
â–ªï¸@yahoofinance TOP 5 REALTOR
â–ªï¸Boss Life @tiffany_talks_business"
alexanderdesignbuild,influencer,"Vanessa Alexander | Residential, Hospitality, Creative"
margaretluce,influencer,"A piece of me ;)
Enterwithlight  ğŸ€
 #music#fashion#flexing#cbd#cars#horses#irish#covergirl#american#@favourgum#femalefounder #fordmodel@torsotrimmer"
linzzmorgan,influencer,"Link above is a website with an EXTENSIVE list of resources on how you can help the #BlackLivesMatter movement. 
Thank you âœŠğŸ»âœŠğŸ¼âœŠğŸ½âœŠğŸ¾âœŠğŸ¿"
sofiavergara,influencer,
beverlyhillsskincaremuse,influencer,Paramedical Aesthetician â­ï¸ @westside_aesthetics â­ï¸ Making SUGAR ğŸ­ SCRUBS ğŸ§¼ With MOONSHINE ğŸ¥ƒ for ğŸ‘‰ğŸ¼ @moonshinesugars
kaleydignen,influencer,"contact: kaleymdignen@gmail.com 
Writer, singer, model @nymmg 
Sharing Jesus, health + fitness,
travel, interiors, real talk, life & Lyme
Sisterhood â†´"
moniquevictoria,influencer,"LA, CA 
ğŸ•‰Yogi
ğŸŒ±Vegan 
#Antm16 
ma : @ottomodels.agency"
trybe,influencer,Modern TRYBE for the urban nomadğŸŒ
vanegrunwald,influencer,"ğŸ’«Mama y esposa consciente 
âš¡ï¸Eternal seeker
ğŸ¤±Parenting Coach/ Coach de Crianza Consciente
â¤ï¸Fundadora de crianzaconsciente.com.mx"
bbrannagan,influencer,"ğŸ‹  ğŸ–¼  ğŸ‘’
á´´áµ˜áµáµƒâ¿ á´¸áµ’áµ›áµ‰Ê³"
twixx_mm,influencer,"Bboy Twixx Massive Monkees crew,FunkyFanatix,Groovaloos,Dancemasters,Magic Mike Live. Dancer/Artist/Athlete/Health influencer&enthusiast.â˜¯ï¸ is key"
victoriamoura,influencer,"venice, california / ğŸ‡§ğŸ‡·
28th ave management
victoria@28thave.com"
nwhsolutions,influencer,"NUTRITION & WHOLE HEALTH SOLUTIONS
ğŸŒ¿A Natural Healthcare Practice
ğŸŒ¿Virtual + In Office Appointments 
ğŸŒ¿Nutrition Seminars
ğŸŒ¿Functional Lab Testing"
thebrittsterrr,influencer,"Inspiring you to lead a healthier & happier life
ğŸ¥¬ğŸŒHealth & Wellness Coach  
ğŸ™ğŸ’•Singer & Songwriter 
#health #wellness #happiness"
alexandriamarcela,influencer,"all things wellness
@salazarskin
@theholisticspace"
peanut.head,influencer,"ğŸ‘©ğŸ¼â€ğŸ³Founder @nowherebakery
ğŸ’« Holistic Approach to #Wellness
ğŸ¤“#GutHealth Tips
ğŸŒ±#AllergenFriendly Recipes
ğŸ“ Kiwi in LA"
kourtneymccullough,influencer,"ğŸ’™Helping you train SMARTER, not harder
ğŸ‘–use code KOURTNEYMCC for a discount @carbon38
ClickğŸ‘‡ğŸ» to learn about my fitness philosophy"
theglowwellness,influencer,"Intuitive Eating Coach| Health = Thoughts + Behaviors|Aging Mindfully & Reversing â° at 44| ğŸŒ± based
@SakaraLife 20%: XOHEATHERE â¬‡ï¸ 
@CARBON38: HEATHERE"
zarabarrie,influencer,"Author, GIRL, STOP PASSING OUT IN YOUR MAKEUP. Write or die. Your lesbian big sis. Repped by @creativeartistsagency. Order my book & I'll send swag.ğŸ–¤"
madisonelainechertow,influencer,"Life imitates art 
ğŸVisuals & things
âœ‰ï¸hello@inrainbowsmag.com"
sarabaldoni,influencer,"Clean, Green, Hugging Machine ğŸ¤—
Think. See. Choose. Be. Love. ğŸ¤ŸğŸ¼ğŸ¤ŸğŸ½ğŸ¤ŸğŸ¾
Never not [clean] snacking ğŸ¥‘
âœŠğŸ¼âœŠğŸ½âœŠğŸ¾âœŠğŸ¿ resources â¬‡ï¸"
alyshasherri,influencer,"Makeup Artist
Los Angeles â™¡ // Boston âœˆ 
ğŸ’Œalyshasherribooking@gmail.com"
kylechaselyons,influencer,"ğŸƒ Founder @ServedNatural |ğŸ´Order Today!
ğŸ©¸ Secretary @FeedingPeople.ig | ğŸ’µ 501(c)(3) Donate Today!"
carolyntaylorbosco,influencer,"â˜… Actress
â˜… Life Coach (@intelligentlyliving)
True intelligence is measured by how you design & live your life."
angela_gargano,influencer,"ğŸ‡ºğŸ‡¸3x @ninjawarrior 
ğŸ’ªğŸ»Creator @pulluprevolution 
Helping theğŸŒ master their pull-ups & crush their fitness goals
ğŸ‘‡ğŸ»14 Day Pull-Up Jumpstart ğŸ‘‡ğŸ»"
marcusdl,influencer,"Founder | CEO 
@groundwerk"
jason.wittrock,influencer,ğŸ‘‡ğŸ¼Click here if you need my help with Keto
burnbarretechnique,influencer,Bringing you #dance & #fitness exercise videos made with @burnbarre. #FindYourFire & join us for a #barreworkout today! ğŸ”¥ #barrefitness #burnbarre
lauren_sambataro,influencer,"âœ¦ CHEK / NASM / FDNÂ® / IFHC
âœ¦ ğŸ¤ Podcast @biohacker_babes 
âœ¦ ğŸ¥‘ Functional Health Coach
âœ¦ ğŸ‹ğŸ»â€â™€ï¸ Coach @myx.fitness 
âœ¦ ğŸ’š Swing @wicked_musical"
dom.oppa,influencer,YGKPlus of YG Entertainment
jaclynhamric,influencer,"ğŸ•ŠğŸ’› ğŸ‹âœ¨
Represented by @blocla 
@maluma 11:11 World Tour Dancer
. . .
p.s. I double as a holistic nutritionist"
tracykomlos,influencer,"Founder & CEO @PangeaDreams , International Community Builder, Speaker, Hospitality & Business Consultant + Success/Mindset Coach.
@lets.mesh
LA"
sunnyculture,influencer,"â˜€ï¸ #DrinkSunny #LiveSunny #StaySunny
âœ¨ Sparkling Probiotic Drink 
ğŸ Available across Florida
ORDER Sunny HEREğŸ‘‡"
edugaly,influencer,"ğŸ‹ Co- Fundador @sublymehealth 
ğŸ¯ Auto-conhecimento Ã© o caminho."
jonhipp,influencer,"ğŸ•ºğŸ¼ Purposeful Model
ğŸ¥— Healthy Lifestyle Designer
ğŸ’ªğŸ¼ Athlete ğŸŠğŸ¼â€â™‚ï¸ğŸš´ğŸ¼â€â™‚ï¸ğŸƒğŸ½â€â™‚ï¸ğŸ‹ğŸ¼â€â™‚ï¸ğŸ¤¸ğŸ¼â€â™‚ï¸ğŸ
ğŸŒ Explorer
âœï¸ #iamsecondâ˜ğŸ¼
@nextmodels @selectmodellosangeles"
veeshoney,influencer,"ğŸ Holistic Health Coach 
ğŸ Nutrition Response Testing Practitioner
ğŸ PCOS Specialist
ğŸ Adderall Detox 
ğŸ Mental Health
A healthy life is a happy life."
daviniataylor,influencer,"Biohacking 
Mum of four boys ğŸ¤¯
Sober /exhilarating life â˜€ï¸
Unbiased products ğŸ‘ğŸ½ğŸ‘ğŸ½ 
becca@beccabarrmanagement.co.uk"
joeythurmanfit,influencer,"Fit/Nutrition Expert, author, tv contributor
ğŸ™ @fadorfuturepodcast
@myx.fitness coach (code: Joey)
@kuudose Founding master trainer
Dad/Hubby
CHIcago"
themusclemaven,influencer,"Podcast host & writer
Nose-to-tail cookbook coming Summer 2020
ğŸ‡¨ğŸ‡¦ ğŸ‡ºğŸ‡¸ ğŸ‡§ğŸ‡² #musclenerd"
tomosman,influencer,"ğŸ¤– I help people build apps without code @makerpad.
ğŸ“© Emerging Tech Nerd | Dad | Runner
ğŸ“ Saddleworth, Uk
ğŸ‘‡ğŸ» Find all of my stuff and things here ğŸ‘‡ğŸ»"
dylanleazier,influencer,"ğŸ€: Content publisher for @nba
âœ–ï¸: Building @001.knxwn
ğŸ“¸: Content creation for @djclue
My advice to you: â€œLearn a skill and add valueâ€"
joshuajholland,influencer,Holistic Trainer; Cellular Exercise Therapist; Biohacker; Podcast Host; NASM CPT; EMS Certified; TG Master Trainer; Primal Blueprint Coach; MovNat L1
jared_p_smith,influencer,"@take3talent
@bactalent
@musemennyc
@theblockagency
@ntatalent
Coach @crossfitfifthave #bam @neoufitness 
@beam 
Email for inquiries"
fitnessexplorer,influencer,"ğŸ‘£ Rediscover the joy of movement! 
ğŸ¤¼â€â™‚ï¸ Founder @PrimalPlayOfficial
ğŸŒ Movement Coach & Researcher
ğŸ“š Author #animalmovesbook
ğŸ‘£ PLAY ğŸ‘£
â¬‡ï¸ Links â¬‡ï¸"
stephenpiercewake,influencer,"Believer, Husband, Father, Pro wakeboarder thriving everyday to share my passion for the water! 
@STPwake ğŸš¤â€”<ğŸ„ğŸ½â€â™‚ï¸
@TheLKNGuy ğŸ¡ğŸ”‘
#LakeNorman , NC âš“ï¸"
coach.samtooley,influencer,"ğŸŒ Online Endurance & Mindset Coach
ğŸº Owner @alpha.thegarage|@alphafitclub   
ğŸš¨PROJECT ALPHA , FREE WEEK  â¤µï¸"
alievhealth,influencer,"TrÎ±à¸—sÆ’ÏƒrĞ¼ià¸—g Ğ²Ï…sy Ğ²ÏƒssÑ”s -> Ğ²Î±â„“Î±à¸—cÑ”âˆ‚ Ğ²Î±âˆ‚Î±ssÑ”s
ğŸ“²OnlineğŸ’ªFitness ğŸ¥¦Nutrition ğŸ§ Mindset Coach
UğŸ“º: Breaking Bread w/Alie & Gabby @bbwagpodcast
ğŸ¤—ğŸ“•/AlieVHealth"
thrilla96,influencer,"ğŸˆ @shubigred Alumni
ğŸ¥ Professional Lacrosse Player 
ğŸ’ªğŸ½ Founder @apexnutritiongroup
ğŸ¥ @youtube ğŸ‘‡ğŸ½"
casey_willax,influencer,"We are capable of MORE!!
SPEAK UP
Help be the SOLUTION"
biostrap,influencer,"Wearable health platform of the future.
Measurably improve your:
ğŸ’¤Sleep
ğŸ“ˆ Recovery
ğŸš€ Performance
Hack your health with Biostrap."
perfectj,influencer,"Exploring Human Potential
ğŸ“Venice, CA"
brrrn,influencer,"At ğŸ  Fitness | â„ï¸ Temp Studio
#brrrnboard #feelthebrrrn"
stryx_official,influencer,"We make handsome easy.
Featured in @Forbes, @Bloomberg, @WSJ, @GQ, and more"
davidyarus,influencer,"Founder of @JSwipe & @mllnnl
ğŸŒ‘ğŸŒ’ğŸŒ“ğŸŒ”ğŸŒ•ğŸŒ–ğŸŒ—ğŸŒ˜ğŸŒ‘"
simplemanguide,influencer,"Writer. Reader. Investor. Minimalist.
@throwbackfit (teambuilding events)
@tenthousand.cc (â€œGALLAGHERâ€)
Team @untuckit (â€œBRIAN20â€)
At-home workoutsğŸ‘‡ğŸ½"
chiel_rundi,influencer,"â€¢Law â€¢Activist â€¢Musician â€¢Vocalist â€¢Breaking Stereotype â€¢Theatrical â€¢Self made â€¢Sabahan
Dream high, believe, make it happen."
trainual,influencer,"Every process, policy, and SOP for every role and responsibility in one place = Training made easy. #makeatrainual
ğŸ‘‡ Build your business playbook!"
max_and_moose,influencer,"Alyssa 
creating high-quality baby swaddles that help simplify motherhood ğŸ¤±
Save 15% with 2+ Swaddles
Code: BUNDLE"
tylerkoronich,influencer,"GOD IS LOVE | CEO/Founder âœ–ï¸ @trvfitfitness
âœ–ï¸ @trvfitapparel @trv.nutrition 
âœ–ï¸ @lululemon ambassador 
âœ–ï¸ @yourenotfinished âœ–ï¸ @footworkruncrew"
billygalewood,influencer,"Now on YouTube: Episode 4 @celebshowoff ! The more views We get the more donations go to @feedingamerica. 
#celebshowoff
https://youtu.be/WVMPdseIH-k"
refit,influencer,Sports Performance Specialist
my_sleepy_panda,influencer,"Premium baby products for parents (yes, dads too). Diaper backpacks, swaddles & more! We are affordable, functional & durable. ğŸ’¤ ğŸ¼ #mysleepypanda"
missfitandnerdy,influencer,"Tired of yo-yo dieting? I'll teach you how to SPEED UP YOUR METABOLISM to LOSE FAT effortlessly & feel STRONG AFğŸ’ªğŸ»
ğŸ¤“Get more #BrainsAndGainsğŸ‘‡ğŸ»"
petitemoss,influencer,"Classically designed infant & toddler clothing
100% Organic Pima Cotton
Originated in the PNW ğŸŒ²
Elevate the everyday with #petitemoss"
michaelchernow,influencer,"ğŸ¦Founder of @seamores
ğŸCo-Founder of @meatballers
ğŸ’¥Co-Founder of @wellwell
 ğŸ¤ #BORNORMADE EP19  w/ @karieparcecrossfit is live! ğŸ‘Š"
phillipryanblock,influencer,"Founder/CEO @independentearofficial 
Host @theopenheartcollective 
Surrogate @hopefortheday 
Speaker | Mental Health Advocate
Podcast Host | Human"
ritacastronutri,influencer,"Nutricionista
EstratÃ©gias nutricionais e epigenÃ©tica
ğŸ“šEscritora, pesquisadora e palestrante
InformaÃ§Ãµes sobre agenda: 11982055151
@lapratbioevolution"
brimorrison__,influencer,"ğŸ’°We empower #GirlsWhoLift to make bank as an #OnlineFitnessCoach & get high ticket clientsğŸ‘©ğŸ½â€ğŸ’»
.
Ready for your first $10k+ month!?ğŸ‘‡ğŸ¼"
graceaskew,influencer,"Desert Noir
â€¢â€Cactus Ladyâ€ single dropping Fall 2020 
â€¢All music on Spotify"
santabarbarasparklingspa,influencer,"Unique Massage Therapy Spa specializing in Deep Tissue, Sports & Swedish massage with special enhancementsğŸ¥‚
Follow the link below to buy E-Gift CardsğŸ’Œ"
pharmakologie,influencer,".ğ™±ğš˜ğšğš¢ ğš–ğš˜ğšğš’ğšğš’ğšŒğšŠğšğš’ğš˜ğš—. ğ™¸ğš—ğš”. ğšƒğš›ğšŠğšŸğšğš•. ğ™´ğš¡ğš™ğš•ğš˜ğš›ğš. ğ™»ğš’ğšŸğš’ğš—ğš.
."
yenismonterrey,influencer,LA|Austin|NYğŸ“AUSTIN-TX ğŸ‡ºğŸ‡¸| Writer |Blogger | Actress | Entertainment| Beauty| Fashion | Fitness | Lifestyle | ğŸ“²âš ï¸yenisask@gmail.comâš ï¸ğŸ‘‡ğŸ¼
samanthasbolger,influencer,"@newyorkmodels @lamodels 
@esperstudio 
@morethanmodelradio"
health_nag,influencer,"Functional health. Biohacking. Detox kits. 
+ Educational webinars. 
IHerb Discount Code ALN3220.
ğŸ‘‡ğŸ»â€˜Healthy Hormonesâ€™ Practical Workshop"
gregstrattnerjr,influencer,"ğŸŒğŸ¼â€â™‚ï¸ Golfer
ğŸ’ªğŸ» Athlete
ğŸ“• Author
â–¶ï¸ YouTube
ğŸ‡ºğŸ‡¸ Freedom
ğŸ“š Amazon Best Seller #ABrandNewYou â†©ï¸"
communitygym,influencer,"Wanderer | Marketer
ğŸTravel | Fitness | Lifestyle ğŸŒ¹
DM for Full Funnel Builds
Owner @firefannies
ğŸ§œâ€â™€ï¸Shop ğŸŒŠ"
mohit.rockstar,influencer,"â€œI'd rather be interesting, original, & unique then follow the pack. Revel in who you truly are & be liberated!â€. Revolutionary Thinker.  Dxb!Del!Mum!"
trinicindylive,influencer,"Trini Cindy Live T.V.ğŸ‡¹ğŸ‡¹
Permission to Wine #documentary 
#soca 
Director of PR @nolacaribbeanexperience 
Host  @socanationtv 
Marketing @socaworldapp"
bwill1130,influencer,What do I do? What don't I do!?#Christian #Vettech #Equine #Model #Weirdo #stocks #nature #Fitness @primarypaintsky #beauty #GirlGamer @kindaviolent1
jhon_mklein,influencer,"ARQUITECTO DE SONRISAS
INFLUENCER DE SUEÃ‘OS
BIENVENIDOS A MI MUNDO
DIGITAL INFLUENCER
SOCIAL MEDIA MANAGER
CONTENT CREATOR
NOTHING HAPPENS BY CHANCE"
truenorth.wellness,influencer,"â‹’ Holistic Nutritionist   
â‹’ Herbalism + Nourishment     
â‹’ Mental Health Advocate"
skyhallbar,influencer,"TerracÌ§o Gastrobar
â€¢ Um oasis acima do caos â€¢
ğŸ‘¨ğŸ»â€ğŸ³ Ex-MasterChef @martincsl"
monika_g_96,influencer,"People say that I'm a bad influence
I say the world's already fucked, I'm just addin to it...
Kwidzyn/South Elmsall"
labiohacker,influencer,"ğŸ§¬ BIOHACKING
ğŸ§  PENSAR A PROPOÌSITO
ğŸŸ¥ Stanford Neurociencias
ğŸ˜‰ Te KETO mucho
ğŸ’ SEMINARIO BIOHACKING ONLINE anotate aquÃ­ en lista de espera â¬‡ï¸"
jasonloebig,influencer,"Co-Founder, @livebetterco
ğŸ’ªğŸ¼ Nike Trainer & Run Coach
âœğŸ¼ Writer & Speaker
ğŸ’¡Performance Coaching
@nike @barrys 
Join our FIRST mindset course!ğŸ‘‡ğŸ½"
briana_carrasco,influencer,"MTX. 23. â€œNo one cares."" -Coach O."
cm_bespokeup,influencer,"A unique perspective on the creation of long-term value for an organization from clients, markets, and relationships."
jennifercetrone,influencer,"â–ªï¸actor/writer
â–ªï¸producer/content creator
â–ªï¸abuse/mental health advocate
â€˜beautifully played by cetroneâ€™@variety/lead @smithsonian/@networkisa award"
lysscaiteats,influencer,"all things food + lifestyle
â‹† producer at @salvimedia 
â‹† cool video about chi food I produced â†“"
bbenzel,influencer,"Pro Strongman â€¢ WSM 2016, 2017, and 2018 competitor"
gulmiradxb,influencer,"Motivator ğŸ¯
Addicted to #personalgrowth 
Born in ğŸ‡ºğŸ‡¿ Grew up in ğŸ‡¦ğŸ‡ª 
CEO of my life"
livebetterco,influencer,"âœ¨Wellness Retreats + Programming
ğŸ§  Mindset + Performance Coaching
ğŸ–¤ Supporting Youth Wellness in @chipubschools
â¤µï¸ The Live Better Mindset Course"
jasongilbert_,influencer,Functional Health Coach.  WSL Sports Practitioner. Author. TV presenter. Wellbeing and Detox retreat facilitator.
dxnielbeck,influencer,"For Business Emails ğŸ“§â†™ï¸
DanielxBeck@hotmail.com"
wellgrovehealth,influencer,Harvesting Goodness from the healthiest plants on earthâ„¢ï¸ ğŸŒ¿ #wellgrovehealth
petermarinofitness,influencer,"@AceFitness health coach/personal trainer
Fitness Director @StudiosatPBF
Writer
MS in Biotech Student @umdglobalcampus
Owner of In Home & Online PT:"
countessoflowcarb,influencer,"â¬79 LB KETO + FASTING WEIGHT LOSS
ğŸ‘‘FREE keto meal plan on  CountessOfLowCarb.com"
danotattoo13,influencer,"Tattoo Artist from Dublin, 
Ireland ğŸ‡®ğŸ‡ª 
Working in Crazy Cats Tattoos"
heidi_winebaby,influencer,Peace and love ğŸ’›âœŒğŸ¼ğŸ’›
krisztinaclifton,influencer,"BEAUTY + WELLNESS 
Trusted product reviews, trend reports & expert tips. Supporting #indiebeauty and #crueltyfree krisztinaclifton@gmail.com"
thepiscoclub,influencer,"â€¢ Handcrafted Pisco from ğŸ‡µğŸ‡ª â€¢ Must be 21 years of age to follow, please enjoy responsibly â€¢ Located in NYC â€¢ Hashtag #ThePiscoClub to be featured â€¢"
googirls,influencer,"âœ‰ï¸ Business DM 
â˜Turn on post notifications
ğŸ”¥ Daily girls"
unpluggedfiji,influencer,"Discover the world with us! âœˆï¸
Sharing only the best travel destinations ğŸŒ´
Wanderlust ğŸ’•ğŸ‘£"
medlieveggies,influencer,Getting your veggies in has never been so easy or so delicious! #medliemates
wasabi2go,influencer,#keto #mma #steveston #gymlife #biohacking #ğŸ‡¨ğŸ‡¦ #longevity #gymaddict
douxfitness,influencer,"ğŸ¥ŠFITNESS
ğŸ¥‘NUTRITION
ğŸ‹ï¸â€â™€ï¸STRENGTH 
ğŸƒğŸ»CONDITIONING"
supermansanchez,influencer,"â˜ğŸ½iğŸ’™GOD
ğŸ‘¨â€ğŸ‘¦Kaiâ€™s Dad
ğŸ§¬Iâ€™m ğŸ‡¬ğŸ‡ºğŸ‡³ğŸ‡´ğŸ‡¸ğŸ‡ª
ğŸ’§@Enagic DistributorğŸ’§9.5pH
ğŸ’ªğŸ½@fueledbyproteinlab Protein
ğŸ² @healthyfreshmealprep Meal Prep
â†˜ï¸ @liveinthepump Supps"
sweettropicaldreams,influencer,"Letâ€™s get a coffee& talk â˜•ï¸
VietnamğŸ‡»ğŸ‡³ğŸŒ
Love Ambassadors â¤ï¸
DMğŸ“© bohemianagency33@gmail.com"
closed_laurahunter.writer,influencer,Off grid...
supermatinyc,influencer,Consulting PR & Celebrities Endorsement ğŸ¯ @cbroadusâ€™s manager ğŸ¯
ryhormel,influencer,"Working on getting hand sanitizers to communities in need during this crisis.
ğŸ“¸ creative for @livebetterco
ğŸ“Bay Area"
theparkergregory,influencer,@parkergregoryfitness
speedlist,influencer,"#SpeedList
â‡©Shop Millions of Carsâ‡©"
kevinbednarz,influencer,"Artist & entrepreneur.
I draw things.
I own two bars.
I run a comic-con.
Travel.Create.Hustle."
swoveralls_,influencer,"Sweatpants + Overalls = Swoverallsâ„¢
brought to you by The Great Fantastic
As seen on Shark Tank ğŸ¦ˆ 
1% for the Planet ğŸŒ"
ford.rosalind,influencer,Best Selling Author  You can order your official copy today ..cash app $300 arf and pay pal RosalindFord1  (Books are available ğŸ“š YouTube:RosalindFord
jimmytmartin,influencer,"â„ï¸Co-Founder @brrrn ğŸ’ªğŸ»
ğŸ¡Co-Creator #brrrnboard 
â€”
Repâ€™n:
ğŸ’¤ @chilisleep 
ğŸ¤¤@jimmybars  
ğŸŒ± @resiliencecbd 
ğŸ’§ @drinkhydrant 
ğŸ’Š @findmyformula
ğŸ˜“ @hotsuit"
ryanplowery,influencer,"ğŸ’¥Helping people live fulfilled lives through perspective and positivity 
ğŸ‘” CEO @ketogeniccom
ğŸ“˜ Author
ğŸ§  Investor
ğŸ¶ Dad 
#MakePositivityLouder"
sonnyparlin_,influencer,"BJJ black belt ğŸ¥‹ under Rob Kahn
Owner of @graciebradenton ğŸ¥‡ 
Musician and music producer ğŸ¸
Podcaster and Co-host on @oldmangrapplinghourğŸ™"
mudgirlrun,influencer,"Mud Run dedicated to womenğŸ—ï¸
â€¢ 3 milesğŸƒâ€â™€ï¸
â€¢ 17+ obstaclesğŸ’ª
â€¢ Fun & Challenge !âœ¨
ğŸ“18 citiesğŸ‡¨ğŸ‡¦ğŸ‡ºğŸ‡¸ 
Join the #pinkarmy for a MUD-morable day!
ğŸ‘‡ğŸŒŸğŸ‘‡ğŸŒŸğŸ‘‡ğŸŒŸ"
ingredientologist,influencer,"ğŸ’ŠIngredient Scientist
ğŸ”¬Biochemist, Dietitian & Formulator
ğŸ’ªLost 100#, Beat Depression & Brain Tumor
ğŸ¥‘Transforming Health w/ Food & Supplements
ğŸ”»CLICKğŸ”»"
bulldogmindset,influencer,"I teach MEN how to:
ğŸ’² Achieve FINANCIAL INDEPENDENCE
ğŸ’ª Get the PHYSIQUE they want
ğŸ‘±â€â™€ï¸ Get the GIRLS they want
What is YOUR Bulldog Score? 
ğŸ‘‡"
mannythrows,influencer,"Follower of Jesus 
Baseball player"
mezzacoronawine,influencer,Authentic. Sustainable. Pure. Italian. #WeAreMEZZACORONA ğŸ‡ Must be 21+ to follow. Drink Responsibly.
luna.lunifer,influencer,"i wanna be a witch //
streamer, youtuber & writer."
helen_turner_,influencer,"ğŸŒ¿Online Holistic Health Coach & Travel/Wellness Writer âœï¸
â˜¯ï¸Facial Acupuncturistâš•ï¸ Physioâ€¢Pilatesâ€¢Retreatsâ˜¼ï¸
â™²ï¸#sustainableliving
 ğŸ‡¬ğŸ‡§ğŸ‡§ğŸ‡²ğŸ‡³ğŸ‡±"
tiana_joy_,influencer,"ğŸ“Las Vegas
GODâœï¸ and ğŸ‘¨â€ğŸ‘¦â€ğŸ‘¦ğŸ‘©â€ğŸ‘§â€ğŸ‘¦FAMILY 1ST
#model 
#fitmomof4 
ğŸ’@muchaluchaed"
noaaonofficial,influencer,"Inspire ğŸ§˜ğŸ½â€â™€ï¸Engage ğŸ¤Invest ğŸ’µ
#biohacking DJ, OTF Hawaii, Entrepreneur, ExProfessional Cyclist, WHMethod
#noamovement"
iampsychon,influencer,"Droppin bars every week. 
#FreestyleFridays ğŸ™ 
â€œRun Itâ€ ğŸ’¯
â¬‡ï¸ Music Video Out Now!! â¬‡ï¸"
barbora_langer,influencer,"â€¢ Bara ve Forme ğŸ¤¸â€â™€ï¸
â€¢ Marketeer at Nike ğŸ‘©â€ğŸ’»
â€¢ Athlete ğŸƒâ€â™€ï¸ğŸ‹ï¸â€â™€ï¸
â€¢ Interested in nutrition ğŸ¥‘
â€¢ Cat Mom ğŸ±
â€¢ Living the moment ğŸ™Œ
â€¢ ğŸ‡©ğŸ‡ªğŸ‡¨ğŸ‡¿"
courtneyjamescj,influencer,"ğŸ‡¦ğŸ‡º@elitenyc @visionlosangeles
Author(co) â€˜Models Do Eatâ€™ 
New book coming SOON!"
taco.slinger,influencer,Marine Corps Veteran/Retired Law Enforcement/Executive Chef @citrus.city.grille.corona
matt_spack,influencer,"#FATHER â¤
#Entrepreneur ğŸŒ
@the_recoverylounge
Public / Keynote #Speaker  ğŸ—£
Colgate University ğŸˆ
#Fitness #family
#Realestate #Investor"
abbey_ries,influencer,"ğŸ¦‹ğŸŒ±ğŸ³â™»ï¸ğŸŒ
More than my Size
Earth Advocate & Cat mom to @fleetwoodmac_the_cat 
@mothermodel 
@nextmodels ğŸ‡ºğŸ‡¸ğŸ‡®ğŸ‡¹ğŸ‡«ğŸ‡· 
Bookings: KellydeeneS@nextmodels.com"
erichinman,influencer,"â€œRetiredâ€ at 34 exploring the ğŸŒ, most days shirtless
5x Ironman @tenthousand.cc @beam @vitalproteins @laneeight @gnclivewell  @whoop @vitalperformance"
dinglebarrykeithcoe,influencer,"VB Comedy Fest 2019, SLO Big Break Competition Finalist 2019. Wrote for @adultswim. Seen on @burntv. Community Coordinator @revlfest. Hollywood, Ca."
anshj1289,influencer,ğŸ”ºPurpose.Belief.Skill.GratitudeğŸ”º
addisonmusic,influencer,"DJ | Singer/Songwriter | Music & Video Producer/Editor | Newbie Stand Up Comic | Presenter on @Gaydio - Sat 4pm
Bkgs: info@playtimecreative.com
London"
beyoutifulbeautywellness,influencer,"Take time to make your soul happyğŸ’–
ğŸ¥—ğ‘¨ğ’ğ’ğ’†ğ’“ğ’ˆğ’š ğ’‡ğ’“ğ’†ğ’† meal ideas
â˜€ï¸ ğ•€ğ•Ÿğ•¤ğ•¡ğ•šğ•£ğ•’ğ•¥ğ•šğ• ğ•Ÿğ•’ğ• quotes
ğŸŒµ Ïâ„“Î±Î·Ñ‚ enthusiast
ğŸ§˜ğŸ¼â€â™€ï¸Healthy living"
dynamite_d,influencer,"David Demesquita â€¢ Atl â€¢ Classic physique
DrZedane.ttv â€¢ Coach - healthy gut/ hormone â€¢ posing coach â€¢ husband â€¢ @mountaindog1 athlete â€¢ @morphogenben"
drstevengabriel,influencer,"Biohacker | Emergency Medicine
Anti-Aging | Regenerative Medicine Specialist
Aging Is Now Optional #practicelife
Join the community"
newempiregfx,influencer,"ğŸš€I share Music & Business tips
ğŸŒGraphic Designer
#mixtapecovers #coverartwork
#logodesigns #clubflyer #flyerdesigns
#flyerdesigns #motion #graphics"
jennafit_,influencer,"âœ–ï¸Helping females create transformation through fitness, health + self love  ğŸšº #TeamJennaFit
ğŸ‘©ğŸ»â€ğŸ’»@burlingtonfitnessstudio @tutusandtanks_"
seeking_eden,influencer,"ğŸŒ² Nature
â™¾ Collective"
ft_hustler,influencer,Trying to define yourself is like trying to bite your own teeth. ğŸŒFounder @3SiHoldings | ğŸ‡ºğŸ‡¸USMC Veteran
karalynzamora,influencer,"ğŸ“ŒA E S T H E T I K + @gravityblankets + @getrecoop 
Iâ€™m a strange one, but I come in peace.
Your friendly digital marketing consultant.
ğŸ“NYC"
oliviakreigenfeld,influencer,"â–«ï¸ English | German
â–«ï¸ Fitness | Health
â–«ï¸ MB â¤ï¸
Whether you think you can or think you canâ€™t, either way, you are right"
skyegallagher,influencer,"âš¡ï¸Helping Health Brands Get More Customers
ğŸ’»Business Mindset Tips
âš¡ï¸Bio-Optimization (Biohacking)"
whirlwind1080,influencer,"ğŸ”» Illustrator | Designer | Writer
ğŸ”» Storyboarding | Comic Artist | Digital Marketer
ğŸ”» #whirlwind1080 #times3factory
ğŸ”·ï¸ COMMISSIONS CLOSED ğŸ”·ï¸"
biohackingsecrets,influencer,"ğŸ™Host of The Biohacking Secrets Show
ğŸ“š Biohacking Author
ğŸ‹ï¸â€â™€ï¸ Beyond Expert
ğŸ§  Sapiosexual 
âœ¨ Light Warrior
â¤ï¸ Love Generator
ğŸ‘‡ Coaching App in Bio"
biocurious_kayla,influencer,"HEALTH OPTIMIZATION SCIENCE
á´³á´¼ á¶ á´¿á´¼á´¹ á´¼á´¿á´°á´µá´ºá´¬á´¿áµ â á´±Ë£áµ€á´¿á´¬á´¼á´¿á´°á´µá´ºá´¬á´¿áµ
HOST @biocurious_podcast
CO-FOUNDER @duennahealth 
ATHLETE @teamusa 
letâ€™s connectğŸ‘‡"